Date,Category,Description,Amount
2026-01-02,Rent,Monthly Apartment Rent,12000
2026-01-04,Food,Weekly Supermarket Groceries,2150
2026-01-05,Bills,Electricity and Water,2300
2026-01-08,Subscriptions,Streaming and Cloud Services,899
2026-01-11,Food,Dining Out and Snacks,1450
2026-01-14,Transport,Metro Smart Card and Cabs,2800
2026-01-18,Food,Fresh Vegetables and Dairy,1750
2026-01-20,Shopping,Clothing and Footwear,3200
2026-01-22,Entertainment,Cinema tickets and concessions,1350
2026-01-25,Food,Weekend Grocery replenishment,1900
2026-01-28,Healthcare,Pharmacy and Multivitamins,1100
2026-02-02,Rent,Monthly Apartment Rent,12000
2026-02-04,Food,Weekly Supermarket Groceries,2300
2026-02-06,Bills,Broadband Internet,1199
2026-02-08,Subscriptions,Software Subscription,650
2026-02-12,Food,Team Lunch,1650
2026-02-15,Transport,Fuel and Tolls,3100
2026-02-19,Shopping,Computer Accessories,2400
2026-02-23,Food,Grocery Delivery,1800
2026-02-26,Education,Online Programming Course,2999
2026-03-02,Rent,Monthly Apartment Rent,12000
2026-03-04,Food,Weekly Groceries,2250
2026-03-07,Bills,Utility Bill,2400
2026-03-10,Subscriptions,Entertainment Bundle,899
2026-03-14,Transport,Metro Commute,2600
2026-03-18,Food,Dining Out,1850
2026-03-21,Shopping,Seasonal Sale Purchase,3600
